/*
SQLyog Ultimate v12.5.1 (64 bit)
MySQL - 10.4.27-MariaDB : Database - kkn_uin
*********************************************************************
*/

/*!40101 SET NAMES utf8 */;

/*!40101 SET SQL_MODE=''*/;

/*!40014 SET @OLD_UNIQUE_CHECKS=@@UNIQUE_CHECKS, UNIQUE_CHECKS=0 */;
/*!40014 SET @OLD_FOREIGN_KEY_CHECKS=@@FOREIGN_KEY_CHECKS, FOREIGN_KEY_CHECKS=0 */;
/*!40101 SET @OLD_SQL_MODE=@@SQL_MODE, SQL_MODE='NO_AUTO_VALUE_ON_ZERO' */;
/*!40111 SET @OLD_SQL_NOTES=@@SQL_NOTES, SQL_NOTES=0 */;
CREATE DATABASE /*!32312 IF NOT EXISTS*/`kkn_uin` /*!40100 DEFAULT CHARACTER SET utf8mb4 COLLATE utf8mb4_general_ci */;

USE `kkn_uin`;

/*Table structure for table `kkn_daftar` */

DROP TABLE IF EXISTS `kkn_daftar`;

CREATE TABLE `kkn_daftar` (
  `kode_kkn_daftar` int(11) NOT NULL AUTO_INCREMENT,
  `kode_tahapan` int(11) DEFAULT NULL,
  `kode_mahasiswa` int(11) DEFAULT NULL,
  `kode_tkk_daftar` int(11) DEFAULT NULL,
  `nama_keluarga` varchar(50) DEFAULT NULL,
  `hubungan` varchar(25) DEFAULT NULL,
  `notelp` varchar(20) DEFAULT NULL,
  `status_persetujuan` varchar(1) DEFAULT NULL,
  `file_pasfoto` varchar(100) DEFAULT NULL,
  `file_mahaad` varchar(100) DEFAULT NULL,
  `file_transkrip` varchar(100) DEFAULT NULL,
  `file_sempro` varchar(100) DEFAULT NULL,
  `status_aktif` varchar(1) DEFAULT NULL,
  PRIMARY KEY (`kode_kkn_daftar`)
) ENGINE=InnoDB DEFAULT CHARSET=utf8mb4 COLLATE=utf8mb4_general_ci;

/*Data for the table `kkn_daftar` */

/*Table structure for table `kkn_master_desa` */

DROP TABLE IF EXISTS `kkn_master_desa`;

CREATE TABLE `kkn_master_desa` (
  `kode_desa` int(11) NOT NULL AUTO_INCREMENT,
  `kode_kecamatan` int(11) DEFAULT NULL,
  `nama_desa` varchar(50) DEFAULT NULL,
  `rt` varchar(3) DEFAULT NULL,
  `nama_ketua` varchar(50) DEFAULT NULL,
  `notelp` varchar(20) DEFAULT NULL,
  PRIMARY KEY (`kode_desa`)
) ENGINE=InnoDB DEFAULT CHARSET=utf8mb4 COLLATE=utf8mb4_general_ci;

/*Data for the table `kkn_master_desa` */

/*Table structure for table `kkn_master_kabupaten` */

DROP TABLE IF EXISTS `kkn_master_kabupaten`;

CREATE TABLE `kkn_master_kabupaten` (
  `kode_kabupaten` int(11) NOT NULL AUTO_INCREMENT,
  `kode_provinsi` int(11) DEFAULT NULL,
  `nama_kabupaten` varchar(50) DEFAULT NULL,
  PRIMARY KEY (`kode_kabupaten`)
) ENGINE=InnoDB DEFAULT CHARSET=utf8mb4 COLLATE=utf8mb4_general_ci;

/*Data for the table `kkn_master_kabupaten` */

/*Table structure for table `kkn_master_kecamatan` */

DROP TABLE IF EXISTS `kkn_master_kecamatan`;

CREATE TABLE `kkn_master_kecamatan` (
  `kode_kecamatan` int(11) NOT NULL AUTO_INCREMENT,
  `kode_kabupaten` int(11) DEFAULT NULL,
  `nama_kecamatan` varchar(50) DEFAULT NULL,
  `nama_camat` varchar(50) DEFAULT NULL,
  `notelp` varchar(20) DEFAULT NULL,
  PRIMARY KEY (`kode_kecamatan`)
) ENGINE=InnoDB DEFAULT CHARSET=utf8mb4 COLLATE=utf8mb4_general_ci;

/*Data for the table `kkn_master_kecamatan` */

/*Table structure for table `kkn_master_negara` */

DROP TABLE IF EXISTS `kkn_master_negara`;

CREATE TABLE `kkn_master_negara` (
  `kode_negara` int(11) NOT NULL AUTO_INCREMENT,
  `nama_negara` varchar(50) DEFAULT NULL,
  PRIMARY KEY (`kode_negara`)
) ENGINE=InnoDB DEFAULT CHARSET=utf8mb4 COLLATE=utf8mb4_general_ci;

/*Data for the table `kkn_master_negara` */

/*Table structure for table `kkn_master_provinsi` */

DROP TABLE IF EXISTS `kkn_master_provinsi`;

CREATE TABLE `kkn_master_provinsi` (
  `kode_provinsi` int(11) NOT NULL AUTO_INCREMENT,
  `kode_negara` int(11) DEFAULT NULL,
  `nama_provinsi` varchar(50) DEFAULT NULL,
  PRIMARY KEY (`kode_provinsi`)
) ENGINE=InnoDB DEFAULT CHARSET=utf8mb4 COLLATE=utf8mb4_general_ci;

/*Data for the table `kkn_master_provinsi` */

/*Table structure for table `kkn_master_tahap` */

DROP TABLE IF EXISTS `kkn_master_tahap`;

CREATE TABLE `kkn_master_tahap` (
  `kode_kkn_tahap` int(11) NOT NULL AUTO_INCREMENT,
  `jenis_kkn` varchar(20) DEFAULT NULL,
  `tahap_ke` int(11) DEFAULT NULL,
  `kode_semester` int(11) DEFAULT NULL,
  `waktu_pembukaan` datetime DEFAULT NULL,
  `waktu_penutupan` datetime DEFAULT NULL,
  `status_aktif` varchar(1) DEFAULT NULL,
  PRIMARY KEY (`kode_kkn_tahap`)
) ENGINE=InnoDB AUTO_INCREMENT=3 DEFAULT CHARSET=utf8mb4 COLLATE=utf8mb4_general_ci;

/*Data for the table `kkn_master_tahap` */

insert  into `kkn_master_tahap`(`kode_kkn_tahap`,`jenis_kkn`,`tahap_ke`,`kode_semester`,`waktu_pembukaan`,`waktu_penutupan`,`status_aktif`) values 
(1,'Tematik',1,1,'2023-12-25 00:00:00','2023-12-27 23:59:00','1'),
(2,'Tematik',2,1,'2023-12-28 00:00:00','2023-12-29 23:59:00','0');

/*Table structure for table `master_dosen` */

DROP TABLE IF EXISTS `master_dosen`;

CREATE TABLE `master_dosen` (
  `kode_dosen` int(11) NOT NULL AUTO_INCREMENT,
  `nidn` varchar(10) DEFAULT NULL,
  `nip` varchar(30) DEFAULT NULL,
  `nama` varchar(100) DEFAULT NULL,
  `jabatan` varchar(50) DEFAULT NULL,
  `notelp` varchar(20) DEFAULT NULL,
  `jk` varchar(1) DEFAULT NULL,
  `status_aktif` varchar(1) DEFAULT NULL,
  PRIMARY KEY (`kode_dosen`)
) ENGINE=InnoDB AUTO_INCREMENT=878 DEFAULT CHARSET=utf8mb4 COLLATE=utf8mb4_general_ci;

/*Data for the table `master_dosen` */

insert  into `master_dosen`(`kode_dosen`,`nidn`,`nip`,`nama`,`jabatan`,`notelp`,`jk`,`status_aktif`) values 
(1,'111111','12121212','Fullan','Lektor','123456','l','1'),
(440,NULL,'197112091996031001','Prof. Dr. H. MUJIBURRAHMAN, S.Ag, M.A','Guru Besar',NULL,'l','1'),
(441,NULL,'196512141992032002','Dr. Hj. NIDA MUFIDAH, M.Pd.','Lektor Kepala',NULL,'p','1'),
(442,NULL,'197112171996031001','Dr. H. AKHMAD SAGIR, S.Ag, M.Ag','Lektor Kepala',NULL,'l','1'),
(443,NULL,'197104142003121005','Dr. IRFAN NOOR, S.Ag., M.Hum','Lektor Kepala',NULL,'l','1'),
(444,NULL,'196604051993031005','Dr. H. HAMDAN, M.Pd.','Lektor Kepala',NULL,'l','1'),
(445,NULL,'197808082005011006','Prof. Dr. AHMAD MURADI, S.Ag. M.Ag','Guru Besar',NULL,'l','1'),
(446,NULL,'197203302005011003','Dr. H. HASNI NOOR, M.Ag','Lektor Mata',NULL,'l','1'),
(447,NULL,'196812111993032002','Dr. Hj. TARWILAH, M.Ag','Lektor Kepala',NULL,'p','1'),
(448,NULL,'195806211986031001','Prof. Dr. H. SYAIFUDDIN SABDA, M.Ag.','Guru Besar',NULL,'l','1'),
(449,NULL,'196001061986032004','Prof. Dr. Hj. JUAIRIAH, M.Pd.','Guru Besar',NULL,'p','1'),
(450,NULL,'196211121989031004','Prof. Dr. H. MAHYUDDIN BARNI, M.Ag.','Guru Besar',NULL,'l','1'),
(451,NULL,'195510301983031002','Prof. Dr. H. RIDHAHANI, M.Pd.','Guru Besar',NULL,'l','1'),
(452,NULL,'196205011992031001','Drs. H. AMAL FATHULLAH, M.Pd.I','Asisten Ahli',NULL,'l','1'),
(453,NULL,'196603311990011003','Prof. Dr. H. HUSNUL YAQIN, M.Ed','Guru Besar',NULL,'l','1'),
(454,NULL,'196108151990021001','Dr. H. HILMI MIZANI, M.Ag','Lektor Kepala',NULL,'l','1'),
(455,NULL,'196301251992031002','Drs. MUKHLIS, M.Pd.','Asisten Ahli',NULL,'l','1'),
(456,NULL,'196604011992031005','Dr. M. RAMLI, M,Pd.','Lektor Kepala',NULL,'l','1'),
(457,NULL,'196305301990021001','Prof. Dr. SAIFUDDIN, MA.','Guru Besar',NULL,'l','1'),
(458,NULL,'197210032000032004','LAILA RAHMAWATI, S.Ag.,SS., M.Hum','Asisten Ahli',NULL,'p','1'),
(459,NULL,'196510301991032005','Dra. Hj MUDHI\'AH, M.Ag','Lektor Kepala',NULL,'p','1'),
(460,NULL,'196005181991031002','Drs. MUHRIN, M.Fil.I.','Lektor Mata',NULL,'l','1'),
(461,NULL,'196508101991031004','Drs. H. M. IDRIS, M.Pd.I.','Asisten Ahli',NULL,'l','1'),
(462,NULL,'196511021993032002','Dra. HALIMATUSSA\'DIYAH M.Pd','Asisten Ahli',NULL,'p','1'),
(463,NULL,'196907301995031004','Dr. H. HIDAYAT MA\'RUF, M.Pd.','Lektor Kepala',NULL,'l','1'),
(464,NULL,'198007062009011016','Prof. Dr. H. FAISAL MUBARAK, Lc, MA','Guru Besar',NULL,'l','1'),
(465,NULL,'196810041995031003','Dr. H. ABD. BASIR, M.Ag.','Lektor Kepala',NULL,'l','1'),
(466,NULL,'197205112005012006','Dr. Hj. MILA HASANAH, M.Ag','Lektor Kepala',NULL,'p','1'),
(467,NULL,'196603041993031004','Drs. H. MURDAN, M.Ag.','Lektor Kepala',NULL,'l','1'),
(468,NULL,'197602181997031001','Dr. AHMAD JUHAIDI, S.Ag., M.Pd.I','Lektor Kepala',NULL,'l','1'),
(469,NULL,'196703041991031005','Drs. HASBULLAH, M.Si.','Lektor Kepala',NULL,'l','1'),
(470,NULL,'196904211994032004','Dra. Hj. RUSDIANA, M.Ag','Lektor Kepala',NULL,'p','1'),
(471,NULL,'196809151994032002','Dr. Hj. SALAMAH, M.Pd.','Lektor Kepala',NULL,'p','1'),
(472,NULL,'196702181994032001','Dr. Hj. SURAIJIAH M.Pd','Lektor Kepala',NULL,'p','1'),
(473,NULL,'196303121990021002','Dr. WAHYUDIN. M.Si.','Lektor Kepala',NULL,'l','1'),
(474,NULL,'196601071989021001','H. MUHNIANSYAH ARASYID MAHANI, S.Pd., M.Pd.','Lektor Mata',NULL,'l','1'),
(475,NULL,'196902211994031001','Drs. H. MUHAMMAD YUSERAN, M.Pd.','Lektor Kepala',NULL,'l','1'),
(476,NULL,'196406101994031004','Dr. SYAIFUL BAHRI, M.Ag','Lektor Kepala',NULL,'l','1'),
(477,NULL,'196801021998031002','Dr. H. SURAWARDI, S.Ag., M.Ag','Lektor Kepala',NULL,'l','1'),
(478,NULL,'196311091991031002','Prof. Dr. H. SURIAGIRI, M.Pd.','Guru Besar',NULL,'l','1'),
(479,NULL,'196209191991031001','Dr. H. YAHYA MOF, M.Pd.','Lektor Kepala',NULL,'l','1'),
(480,NULL,'196405201992031006','Drs. SAADILLAH, M.Pd.','Lektor Kepala',NULL,'l','1'),
(481,NULL,'196004211989121001','H. SAMSUNI, S.Sos. M.AP','Lektor Mata',NULL,'l','1'),
(482,NULL,'197406072005011007','Dr. M. NOOR FUADY, S.Ag. M.Ag','Lektor Kepala',NULL,'l','1'),
(483,NULL,'196709111994032003','Dra. RUSDIAH, M.Pd.I.','Lektor Kepala',NULL,'p','1'),
(484,NULL,'196502191992032002','Dra. Hj. SHAPIAH, M.Pd.I.','Lektor Kepala',NULL,'p','1'),
(485,NULL,'196912011994032005','Dra. RAIHANATUL JANAH, M,Pd.','Lektor Kepala',NULL,'p','1'),
(486,NULL,'197312102003121001','Dr. M. DAUD YAHYA, S.Ag, M.Ag','Lektor Kepala',NULL,'l','1'),
(487,NULL,'198311302006042003','Dr. RAIDA ASFIHANA, S.Pd., M.Pd.','Lektor Kepala',NULL,'p','1'),
(488,NULL,'197008151997031003','Drs. H. MUJIANSYAH, M.Pd.','Lektor Mata',NULL,'l','1'),
(489,NULL,'197709062008011011','Dr. MUHAMMAD IQBAL S.TH.I,M.SI','Lektor Mata',NULL,'l','1'),
(490,NULL,'197312092009011005','Dr. H. FAHMI HAMDI, LC., MA.','Lektor Mata',NULL,'l','1'),
(491,NULL,'197107302005012004','RAHMILA MURTIANA, SS., MA.','Lektor Mata',NULL,'p','1'),
(492,NULL,'197712122003121002','RUSNADI, S.Pd.I., M.Pd.I., MA.','Lektor Mata',NULL,'l','1'),
(493,NULL,'197701182008012013','PUJI SRI RAHAYU, MA','Lektor Mata',NULL,'p','1'),
(494,NULL,'198103292006042017','ANALISA FITRIA, S.Pd., M.Si.','Lektor Mata',NULL,'p','1'),
(495,NULL,'197803042008012021','HJ NOOR MAULIDIYAH BT JAILANI ABIN DULLAH MA','Lektor Mata',NULL,'p','1'),
(496,NULL,'196002021987032001','Dra. MARIANI, M.Pd.I.','Lektor Mata',NULL,'p','1'),
(497,NULL,'196802031995031002','HARIS FADILAH, S.Pd., M.Pd.','Lektor Mata',NULL,'l','1'),
(498,NULL,'196802091995032002','Dr. DINA HERMINA, M.Pd.','Lektor Mata',NULL,'p','1'),
(499,NULL,'196905031997031002','Drs. H. SAMDANI, M.Fil.I.','Lektor Mata',NULL,'l','1'),
(500,NULL,'196710131995032001','Dra. Hj. IKTA YARLIANI, M.Pd.','Lektor Mata',NULL,'p','1'),
(501,NULL,'196910241995032003','Dra. INNA MUTHMAINNAH, MA.','Lektor Mata',NULL,'p','1'),
(502,NULL,'197504112000032002','SITI SHALIHAH, S.Pd., MS.','Lektor Mata',NULL,'p','1'),
(503,NULL,'197901262006041002','Dr. MAHMUD YUSUF, M.Si','Lektor Kepala',NULL,'l','1'),
(504,NULL,'197212112008011009','Dr. AHMAD SALABI, S.Ag., M.Pd.','Lektor Mata',NULL,'l','1'),
(505,NULL,'196803041998031004','Dr. MUHAMMAD NUR EFFENDI, S.Ag,SS,M.Pd.I','Lektor Mata',NULL,'l','1'),
(506,NULL,'197712242003121002','H. HASBULLAH S.Ag., MHI.','Lektor Mata',NULL,'l','1'),
(507,NULL,'197208192005011012','Dr. HAJIANNOR, M.Ag','Lektor Mata',NULL,'l','1'),
(508,NULL,'197207182001121002','Dr. H. ASIKIN NOR, M.Ag','Lektor Mata',NULL,'l','1'),
(509,NULL,'197906202006042004','Dr. RAIHANAH, S.Pd.I, M.Ag','Lektor Mata',NULL,'p','1'),
(510,NULL,'197411082005011006','Dr. RIDHA FADILLAH, S.Pd., M.Ed.','Lektor Mata',NULL,'l','1'),
(511,NULL,'197604102000031001','Dr. MUHAMAD SABIRIN, S.Pd., M.Si','Lektor Mata',NULL,'l','1'),
(512,NULL,'197011181996032001','Hj. NUR LAILA KADARIYAH, S.Ag., M.Pd.','Lektor Mata',NULL,'p','1'),
(513,NULL,'197702232008011005','Dr. FAHMI RIADY, S.Th.I,M.S.I','Lektor Mata',NULL,'l','1'),
(514,NULL,'198210192009121004','HASBY ASSIDIQI, S.Pd., M.Si','Lektor Mata',NULL,'l','1'),
(515,NULL,'197711222003121004','Dr. RAHMAT SHODIQIN, S.S., M.Pd.I.','Lektor Mata',NULL,'l','1'),
(516,NULL,'197607242001121002','JAMAL SYARIF, M.Ag','Lektor Mata',NULL,'l','1'),
(517,NULL,'198309022009122005','Dr. NOOR ALFULAILA, S.Pd.I. M.Pd.','Lektor Mata',NULL,'p','1'),
(518,NULL,'198406042011012009','SERI NINGSIH, M.Pd','Lektor Mata',NULL,'p','1'),
(519,NULL,'197205092006042001','Dr. SITI AISYAH, M.Ag','Lektor Mata',NULL,'p','1'),
(520,NULL,'198711102015032004','AFIFAH LINDA SARI, M.Pd','Lektor Mata',NULL,'p','1'),
(521,NULL,'198403212011012013','SYARIFAH SALMAH, M.Pd.I','Lektor Mata',NULL,'p','1'),
(522,NULL,'198710252015031002','M. IRFAN ISLAMY M.Pd.','Lektor Mata',NULL,'l','1'),
(523,NULL,'198605032019032010','Dr. RIINAWATI, M.Pd','Lektor Mata',NULL,'p','1'),
(524,NULL,'197608302006041002','Prof. Dr. ANI CAHYADI, S.Ag, M.Pd.','Guru Besar',NULL,'l','1'),
(525,NULL,'196903282006041007','TAMJIDNOR S.Ag., M.Pd.I.','Lektor Mata',NULL,'l','1'),
(526,NULL,'197709172008011006','MUH. NADIR S.Ag., M.Pd.I','Lektor Mata',NULL,'l','1'),
(527,NULL,'198403132011012004','LATHIFATURRAHMAH, M.Si','Lektor Mata',NULL,'p','1'),
(528,NULL,'198211082011012008','RAHMAWATI, M.Pd.Si','Lektor Mata',NULL,'p','1'),
(529,NULL,'198205052009122003','KHAIRUNNISA, S.Pd. M.Pd.','Lektor Mata',NULL,'p','1'),
(530,NULL,'198604262015032004','KHAIRUNNISA, M.Pd.I','Lektor Mata',NULL,'p','1'),
(531,NULL,'196010201997031001','Drs. HUMAIDY, M.Ag','Lektor Mata',NULL,'l','1'),
(532,NULL,'197202171997032002','Hj. ISNY LELLYA, S.Ag., M.Ag.','Lektor Mata',NULL,'p','1'),
(533,NULL,'196704031993031006','Drs. H. MUHAMMAD YUSUF, M.Fil.I.','Lektor Mata',NULL,'l','1'),
(534,NULL,'197807242008011012','H. MUHAMMAD SYAMSUDIN NOOR, MA','Lektor Mata',NULL,'l','1'),
(535,NULL,'198311172011011006','ARIF RAHMAN HAKIM, S.Hum. M.Pd','Lektor Mata',NULL,'l','1'),
(536,NULL,'198105142009121006','MUHAMMAD AMIN PARIS, S.Pd., M.Si.','Lektor Mata',NULL,'l','1'),
(537,NULL,'198907212015032002','MUFIDA ISTATI, M.Pd','Lektor Mata',NULL,'p','1'),
(538,NULL,'198806272015032005','NURUL RAHMI, M.Pd.','Lektor Mata',NULL,'p','1'),
(539,NULL,'198708212015032004','MAHMUDAH, M.Pd.I','Lektor Mata',NULL,'p','1'),
(540,NULL,'198807292015032005','NUR ALFA RAHMAH, M.Pd','Lektor Mata',NULL,'p','1'),
(541,NULL,'199002042018012002','FEBRIANAWATI YUSUP M.Pd','Lektor Mata',NULL,'p','1'),
(542,NULL,'199004212018012003','LUTFIYANTI FITRIAH, M.Pd','Lektor Mata',NULL,'p','1'),
(543,NULL,'197702062006041003','FATHULLAH MUNADI, S.Ag. MA.','Assisten Ahli',NULL,'l','1'),
(544,NULL,'197606302006042001','HELMA NURAINI, S.Psi., M.Pd.','Assisten Ahli',NULL,'p','1'),
(545,NULL,'198901032015032001','MUSYARRAFAH, M.Pd.I','Assisten Ahli',NULL,'p','1'),
(546,NULL,'198707272018012001','SISKA OKTAPIANTI M.Sc','Lektor Mata',NULL,'p','1'),
(547,NULL,'199104212018012001','ISTIQAMAH M.Pd','Assisten Ahli',NULL,'p','1'),
(548,NULL,'199302122019032016','RINDA AZMI SAPUTRI M.Pd.','Lektor Mata',NULL,'p','1'),
(549,NULL,'199112072018012002','KHAIRIATUL MUNA, M.Pd.','Lektor Mata',NULL,'p','1'),
(550,NULL,'198704102019082001','ANA RIZKA MASHUD, M.IP.','Asisten Ahli',NULL,'p','1'),
(551,NULL,'198406082019082001','JUAIRIAH, M.HUM.','Lektor Mata',NULL,'p','1'),
(552,NULL,'198708102019032010','SITI WAHDAH, M.IP.','Assisten Ahli',NULL,'p','1'),
(553,NULL,'198708072020122008','MAYANG GADIH RANTI, S.Si, M.Pd','Asisten Ahli',NULL,'p','1'),
(554,NULL,'198705042020121002','MUH. FAJARUDDIN ATSNAN, M.Pd.','Asisten Ahli',NULL,'l','1'),
(555,NULL,'199406162022031001','ALVIAN IKHSANUL FATYA, S.Pd., M.Si','Asisten Ahli',NULL,'l','1'),
(556,NULL,'199503212022032002','NUR AENI SANJAYA, S.Sos., M.A','Asisten Ahli',NULL,'p','1'),
(557,NULL,'199206262022031001','MUHAMMAD RIDHA, M.Pd','Asisten Ahli',NULL,'l','1'),
(558,NULL,'198810222022032001','RATNA KARTIKA IRAWATI, M.Pd','Asisten Ahli',NULL,'p','1'),
(559,NULL,'198901032023212041','MUQARRAMAH, S.Pd., M.Pd.I.','Asisten Ahli',NULL,'p','1'),
(560,NULL,'198806242023212032','HIDAYAH NOR, M.Pd.','Asisten Ahli',NULL,'p','1'),
(561,NULL,'198205042023211015','YUSRAN FAUZI, S.Pd.I., M.Pd.','Asisten Ahli',NULL,'l','1'),
(562,NULL,'197910042023212008','IKA IRAYANA, M.Pd.','Asisten Ahli',NULL,'p','1'),
(563,NULL,'198511232023211014','EKO WAHYU NUR SOFIANTO, M.Pd.','Asisten Ahli',NULL,'l','1'),
(564,NULL,'199208012023212045','AGUSTINA AMBAR PERTIWI, M.Pd.','Asisten Ahli',NULL,'p','1'),
(565,NULL,'198105062023212022','YOKKE ANDINI, S.S., M.Pd.','Asisten Ahli',NULL,'p','1'),
(566,NULL,'199109182023212042','DYAH AGENG PRAMESTY KOENARSO, M.Pd.','Asisten Ahli',NULL,'p','1'),
(567,NULL,'199005042023212046','NOR IZATIL HASANAH, M.Pd.','Asisten Ahli',NULL,'p','1'),
(568,NULL,'198802032023212028','NINA NURMASARI, M.Pd.','Asisten Ahli',NULL,'p','1'),
(569,NULL,'199004102023212057','ITA, M.Pd.','Asisten Ahli',NULL,'p','1'),
(570,NULL,'198806272023211018','ARDIAN TRIO WICAKSONO, M.Pd.','Asisten Ahli',NULL,'l','1'),
(571,NULL,'199103262023211017','FAJRIANOR, M.Pd.','Asisten Ahli',NULL,'l','1'),
(572,NULL,'198601142023211010','IQBAL HAITAMI, ST., M.Eng.','Asisten Ahli',NULL,'l','1'),
(573,NULL,'198905302023212049','HARDIYANTI PRATIWI, S.Pd.I., M.Pd.','Asisten Ahli',NULL,'p','1'),
(574,NULL,'199001212023212042','SARI INDRIYANI, M.Pd.','Asisten Ahli',NULL,'p','1'),
(575,NULL,'198501092023211012','M. KAMIL RAMMA OENSYAR, M.Pd.','Asisten Ahli',NULL,'l','1'),
(576,NULL,'196508101988011002','H. ARBANI, S.Sos., M.A','Analis Kepegawaian',NULL,'l','1'),
(577,NULL,'197407301994021002','H. KHAZMIE, S.Sos.M.A.','Pengembang Teknologi',NULL,'l','1'),
(578,NULL,'196909261996032001','RAHIMAH, S.Ag.','Kepala Bagian',NULL,'p','1'),
(579,NULL,'197408011994032002','SRI YULIANA, S.Sos','Analis Pengelolaan',NULL,'p','1'),
(580,NULL,'198310092009122002','MELIANI, SE, MA','Analis Perbendaharaan',NULL,'p','1'),
(581,NULL,'198212062009102001','DANTI, S.AP.','Analis Pelaksanaan',NULL,'p','1'),
(582,NULL,'199801052022031002','AZIMI RAMADHAN, S.Pd','Calon Pengembang',NULL,'l','1'),
(583,NULL,'197807042007011015','YULIANSYAH','Pengadministrasi Umum',NULL,'l','1'),
(584,NULL,'199705092022032002','CINDY TRI KUSUMAWARDANI S.Pd','Pranata Laboratorium',NULL,'p','1'),
(585,NULL,'197105191997032001','Dr. Hj. AMELIA RAHMANIAH, M.H.','Lektor Kepala',NULL,'p','1'),
(586,NULL,'197301112003121001','Dr. RAHMAT SHOLIHIN, S.Ag., M.Ag.','Lektor Kepala',NULL,'l','1'),
(587,NULL,'197604132008012012','Dr. Hj. RABIATUL ADAWIAH S.Ag, M.Ag','Lektor Mata',NULL,'p','1'),
(588,NULL,'197904102006041019','Dr. BUDI RAHMAT HAKIM S.Ag., MHI.','Lektor Kepala',NULL,'l','1'),
(589,NULL,'195804061987031001','Prof. Dr. H. AHMADI HASAN, MH.','Guru Besar',NULL,'l','1'),
(590,NULL,'196111011990011001','Prof. Dr. H. M. FAHMI AL-AMRUZI, M.Hum.','Guru Besar',NULL,'l','1'),
(591,NULL,'195508131982032003','Prof. Dr. Hj. MASYITHAH UMAR, M.Hum','Guru Besar',NULL,'p','1'),
(592,NULL,'195902051986031006','Prof. Dr. H. M. HANAFIAH M.Hum.','Guru Besar',NULL,'l','1'),
(593,NULL,'196611261991021002','Prof. Dr. H. JALALUDDIN, M.Hum.','Guru Besar',NULL,'l','1'),
(594,NULL,'196703271992032005','Dr. Hj. WAHIDAH, M.H.I.','Lektor Kepala',NULL,'p','1'),
(595,NULL,'196702101992031007','Drs. NOR IPANSYAH M,Ag','Lektor Kepala',NULL,'l','1'),
(596,NULL,'196303081993031002','Drs. M. ILHAM MASYKURI HAMDIE, M.Ag','Lektor Akhlak',NULL,'l','1'),
(597,NULL,'196312211993022001','Dra. Hj. FAUZIAH HAYATI M.HI','Lektor Mata',NULL,'p','1'),
(598,NULL,'196602231994032003','Dr. Hj. GUSTI MUZAINAH, SH., MH.','Lektor Kepala',NULL,'p','1'),
(599,NULL,'196712051993031005','Drs. HAMDAN MAHMUD, M.Ag.','Lektor Kepala',NULL,'l','1'),
(600,NULL,'196605021991021001','Drs. H. RUSLAN, M.Ag.','Lektor Kepala',NULL,'l','1'),
(601,NULL,'196605041994032002','Dr. Dra. Hj. MARIANI SH., M.Ag.','Lektor Mata',NULL,'p','1'),
(602,NULL,'196708121993032006','Dra. Hj. YUSNA ZAIDAH, MH.','Lektor Kepala',NULL,'p','1'),
(603,NULL,'196307211990012001','Dra. NADIYAH, MH','Lektor Kepala',NULL,'p','1'),
(604,NULL,'196706181992032001','Dra. Hj. RUSDIYAH, M.H.I','Lektor Kepala',NULL,'p','1'),
(605,NULL,'196106051994031002','H. BAHRAN, SH., MH.','Lektor Kepala',NULL,'l','1'),
(606,NULL,'197703022003121001','ZAINAL MUTTAQIN, S.Ag., M.Ag.','Lektor Kepala',NULL,'l','1'),
(607,NULL,'197104132006041001','Dr. H. AKHMAD SUKRIS SARMADI S.Ag., MH.','Lektor Kepala',NULL,'l','1'),
(608,NULL,'197005291995032002','SA\'ADAH, S.Ag., MH.','Lektor Mata',NULL,'p','1'),
(609,NULL,'197111162000031002','SULAIMAN KURDI, S.Ag., M.Si.','Lektor Mata',NULL,'l','1'),
(610,NULL,'197405252003122004','Dr. Hj. HAYATUN NA`IMAH, SH, M.Hum.','Lektor Mata',NULL,'p','1'),
(611,NULL,'197207141998032001','DIANA RAHMI, S.Ag., MH','Lektor Mata',NULL,'p','1'),
(612,NULL,'197208292006042001','INAWATI MOHAMMAD JAINIE JARAJAP, MA','Lektor Mata',NULL,'p','1'),
(613,NULL,'197811182003121005','ABDUL HAFIZ SAIRAZI, S.H.I., M.H.I','Lektor Mata',NULL,'l','1'),
(614,NULL,'197011131998032004','FARIHATNI MULYATI, S.Ag., M.H.I.','Lektor Mata',NULL,'p','1'),
(615,NULL,'197707082009011008','Dr. WAHYUDDIN, M.Pd.I','Lektor Mata',NULL,'l','1'),
(616,NULL,'197206282001121003','MUJIBUROHMAN, S.Ag, MA, Ph.D.','Lektor Mata',NULL,'l','1'),
(617,NULL,'197008201996031003','H. FUAD LUTHFI, S.Ag., MH','Lektor Mata',NULL,'l','1'),
(618,NULL,'197901182005011004','ARIE SULISTYOKO, S.Sos., MH','Lektor Mata',NULL,'l','1'),
(619,NULL,'197501082005011007','IMAM ALFIANNOOR, M.HI','Lektor Mata',NULL,'l','1'),
(620,NULL,'197611112005011002','MUFTI WARDANI, M.Si','Lektor Mata',NULL,'l','1'),
(621,NULL,'198611172011011005','MUHAMAD HARIS, M.Kn','Lektor Mata',NULL,'l','1'),
(622,NULL,'199012282019031011','MUHAMMAD FAHMI NURANI M.H.','Lektor Mata',NULL,'l','1'),
(623,NULL,'198812052019032010','ERGINA FARALITA S.H., M.H.','Lektor Mata',NULL,'p','1'),
(624,NULL,'199109232020122011','FIRQAH ANNAJIYAH MANSYUROH, M.H.','Asisten Ahli',NULL,'p','1'),
(625,NULL,'198607192019031005','RAHMAT FADILLAH M.H.','Lektor Mata',NULL,'l','1'),
(626,NULL,'199601102022032002','DWI ARINI ZUBAIDAH M.H','Asisten Ahli',NULL,'p','1'),
(627,NULL,'199104042022032002','NAHDIA NAZMI S.H.I., M.H','Asisten Ahli',NULL,'p','1'),
(628,NULL,'199412032022031002','MUHAMMAD SYARIF HIDAYATULLAH S.E., M.H','Asisten Ahli',NULL,'l','1'),
(629,NULL,'198608062023211016','MIFTAH FARIDH, MHI','Asisten Ahli',NULL,'l','1'),
(630,NULL,'197605262003121003','ARIF MUKHYAR, M.Pub., Il.Law','Assisten Ahli',NULL,'l','1'),
(631,NULL,'197110301997031001','H. NUZULUL KHAIR, S.Ag., MHI.','Kepala Bagian',NULL,'l','1'),
(632,NULL,'196906251999031001','AKHMAD SYAIKHU, S.Ag, SS., M.S.I.','Pengadministrasi Akademik',NULL,'l','1'),
(633,NULL,'196710131992031003','H. NANANG JAINUDDIN, S.Ag., M.Pd.I.','Analis Kepegawaian',NULL,'l','1'),
(634,NULL,'196609241994021001','SUHAIMI, S.I.Kom.','Pengembang Teknologi',NULL,'l','1'),
(635,NULL,'196904062000122001','LISDA AYSIAH, SE','Analis Pengelolaan',NULL,'p','1'),
(636,NULL,'197003011992031002','M. JUNAIDI, S.Sos','Analis Mutu',NULL,'l','1'),
(637,NULL,'198002142009011010','GUZALI, S.AP','Analis Pengembangan',NULL,'l','1'),
(638,NULL,'197812272003121002','DR. DZIKRI NIRWANA, S.TH.I., M.Ag.','Lektor Kepala',NULL,'l','1'),
(639,NULL,'197708272000031002','Dr. NORHIDAYAT, S.Ag, MA','Lektor Mata',NULL,'l','1'),
(640,NULL,'197205011997031003','Dr. AHMAD SYADZALI, S.Ag., M.Hum.','Lektor Kepala',NULL,'l','1'),
(641,NULL,'197801212006041004','Dr. H. AHMAD MUJAHID, MA','Lektor Mata',NULL,'l','1'),
(642,NULL,'195502141982031002','Prof. Dr. H. ABDULLAH KARIM, M.Ag','Guru Besar',NULL,'l','1'),
(643,NULL,'196301111991021001','Drs. H. ARNI, M.Fil.I.','Lektor Kepala',NULL,'l','1'),
(644,NULL,'197304112002121002','Prof. Dr. H. WARDANI, M.Ag','Guru Besar',NULL,'l','1'),
(645,NULL,'196412291994032003','Dra. Hj. SITI FARIDAH, M.Ag','Lektor Kepala',NULL,'p','1'),
(646,NULL,'196305031991031004','Drs. ABDUL SANI, M,Pd.','Lektor Kepala',NULL,'l','1'),
(647,NULL,'197502021999031003','H. ABDUL HAKIM, S.Ag., M.Ag','Lektor Kepala',NULL,'l','1'),
(648,NULL,'197410102000031002','RAHMADI, S.Ag. M.Pd.I.','Lektor Kepala',NULL,'l','1'),
(649,NULL,'196107201991021001','Drs. BASRIAN, M.Fil.I.','Lektor Kepala',NULL,'l','1'),
(650,NULL,'196810101994032004','Dra. MULYANI, M.Ag.','Lektor Kepala',NULL,'p','1'),
(651,NULL,'196601011991022001','Dra. Hj. NOOR\'AINAH, M.Fil.I','Lektor Mata',NULL,'p','1'),
(652,NULL,'196809091996032002','Dr. FATRAWATI KUMARI, M.Hum.','Lektor Mata',NULL,'p','1'),
(653,NULL,'197307212005012004','Hj. MAIMANAH, S.Ag., M.Ag','Lektor Mata',NULL,'p','1'),
(654,NULL,'197611162011011003','Dr. AHMAD, M.Fil.I.','Lektor Mata',NULL,'l','1'),
(655,NULL,'198403182011012009','YULIA HAIRINA, M.Psi','Lektor Mata',NULL,'p','1'),
(656,NULL,'198005012009121004','MUBARAK, MA.','Lektor Mata',NULL,'l','1'),
(657,NULL,'198302152015032002','SHANTY KOMALASARI, M.Psi, Psikolog','Lektor Mata',NULL,'p','1'),
(658,NULL,'197001011998031002','BASHORI, M.Ag.','Lektor Mata',NULL,'l','1'),
(659,NULL,'197206151998031008','MUHAMMAD ADRIANI YULIZAR, S.Ag., MA.','Lektor Mata',NULL,'l','1'),
(660,NULL,'198608012015031003','MUHAMMAD ARABIY, M.A','Lektor Mata',NULL,'l','1'),
(661,NULL,'198404222015032002','DINA APRILIA, M.Psi, Psikolog','Assisten Ahli',NULL,'p','1'),
(662,NULL,'197104241997031002','H. IBNU ARABI, S.Ag., M.Fil.I.','Lektor Mata',NULL,'l','1'),
(663,NULL,'199306182019031008','MUHAMMAD SANDI ROSYADI MA.','Lektor Mata',NULL,'l','1'),
(664,NULL,'199204242019032018','HUSNUL KHOTIMAH M.Ag','Assisten Ahli',NULL,'p','1'),
(665,NULL,'198806202020122003','AHDA FITHRIANI, MHI','Asisten Ahli',NULL,'p','1'),
(666,NULL,'198910252019031016','RIZA SAPUTRA M.A.','Lektor Mata',NULL,'l','1'),
(667,NULL,'199209202022031001','HANAFI S.Th.I., M.A','Asisten Ahli',NULL,'l','1'),
(668,NULL,'198708022022032001','MAHDIA FADHILA, M.Psi, Psikolog','Asisten Ahli',NULL,'p','1'),
(669,NULL,'199006142023212049','WARDATUN NADHIROH S.Th.I., M.Hum','Asisten Ahli',NULL,'p','1'),
(670,NULL,'198512042023212024','WIDIYA ARIS RADIANI, M.Psi., Psikolog.','Asisten Ahli',NULL,'p','1'),
(671,NULL,'199012162023211018','NAJIB IRSYADI, S.Th.I., M.Hum.','Asisten Ahli',NULL,'l','1'),
(672,NULL,'196912131993021001','MULYADI, S.Ag, M.AP','Analis Kepegawaian',NULL,'l','1'),
(673,NULL,'197306161993032004','Hj. RAIMAH, S.Sos.M.A.','Pengembang Teknologi',NULL,'p','1'),
(674,NULL,'196902051994032001','Dra. Hj. ERNAWATI GUNIAH','Kepala Bagian',NULL,'p','1'),
(675,NULL,'197103112006041002','H. MUHTAR S.Pd','Analis Layanan',NULL,'l','1'),
(676,NULL,'196305021992031005','Dr. H. M. ABDUH, MA.','Lektor Kepala',NULL,'l','1'),
(677,NULL,'197409201999031004','Dr. TAUFIQURRAHMAN, S.Ag., M.Ed.','Lektor Mata',NULL,'l','1'),
(678,NULL,'197302192001121002','Dr. HAMIDI ILHAMI, M.Ag.','Lektor Kepala',NULL,'l','1'),
(679,NULL,'196912101997031005','Prof. Dr. H. AHMAD KHAIRUDDIN, M.Ag','Guru Besar',NULL,'l','1'),
(680,NULL,'196004291985032003','Dr. Hj. NURIL HUDA, M.Pd.','Lektor Kepala',NULL,'p','1'),
(681,NULL,'196608051992031004','Drs. H. BAYANI, M.Ag','Lektor Kepala',NULL,'l','1'),
(682,NULL,'196208211989031002','Drs. M. HASBY M. Kom.','Assisten Ahli',NULL,'l','1'),
(683,NULL,'195811051988031001','Drs. A. GAZALI, M.Hum.','Lektor Kepala',NULL,'l','1'),
(684,NULL,'196403111994031005','Drs. FASIH WIBOWO, M.Si.','Lektor Mata',NULL,'l','1'),
(685,NULL,'196802121993032005','Dra. Hj. ST. RAHMAH, M.Ag.','Lektor Kepala',NULL,'p','1'),
(686,NULL,'197409132000032002','ARMIAH, S.IP., M.Si.','Lektor Kepala',NULL,'p','1'),
(687,NULL,'196004281988032004','Dra. Hj. RABIATUL ASLAMIAH M.Ag','Lektor Kepala',NULL,'p','1'),
(688,NULL,'197004102005011009','SAMSUL RANI, S.Ag, M.SI','Lektor Kepala',NULL,'l','1'),
(689,NULL,'197004161996031002','FAHRIANSYAH, S.Ag. M.Ag','Lektor Mata',NULL,'l','1'),
(690,NULL,'196608131991021001','Drs. H. ILHAM, M.AP','Lektor Kepala',NULL,'l','1'),
(691,NULL,'197208151998031003','MUHAMMAD RIF\'AT, S.Ag, M.Ag','Lektor Kepala',NULL,'l','1'),
(692,NULL,'197604132000032002','Dr. Hj. HALIMATUS SAKDIAH, S.Ag, M.Si','Lektor Kepala',NULL,'p','1'),
(693,NULL,'197101052000031002','Prof. Dr. NADZMI AKBAR, S.Pd., M.Pd.I.','Guru Besar',NULL,'l','1'),
(694,NULL,'197211231997032002','AULIA AZIZA, M.Si','Lektor Kepala',NULL,'p','1'),
(695,NULL,'197108281999032005','Hj. RADEN YANI GUSRIANI, SE., MM.','Lektor Kepala',NULL,'p','1'),
(696,NULL,'197502082000032001','Hj. NAHED NUWAIRAH, S.Ag, M.HI','Lektor Kepala',NULL,'p','1'),
(697,NULL,'197101312000031003','Dr. ZAINAL PIKRI, M.Ag., MA','Lektor Mata',NULL,'l','1'),
(698,NULL,'196811201995031002','Drs. AMRULLAH, M.I.Kom.','Lektor Mata',NULL,'l','1'),
(699,NULL,'197603062005012008','ANITA ARIANI, S.Ag, M.Pd.I','Lektor Mata',NULL,'p','1'),
(700,NULL,'198310292009012011','NUR FALIKHAH, S.ANT., M.Sc','Lektor Mata',NULL,'p','1'),
(701,NULL,'198909112015032005','SRI ANAFARHANAH, MSI','Lektor Mata',NULL,'p','1'),
(702,NULL,'198602142015031003','RESTU KHALIQ, M.M','Lektor Mata',NULL,'l','1'),
(703,NULL,'197008031998032001','Hj MARIYATUL NORHIDAYATI RAHMAH, S.Ag. M.Si','Lektor Mata',NULL,'p','1'),
(704,NULL,'196806281998031003','H. MUHAMMAD MABRUR, Lc., M.Ag.','Lektor Mata',NULL,'l','1'),
(705,NULL,'197703102011011007','SURYA EKA PRIYATNA, M.Cs','Lektor Mata',NULL,'l','1'),
(706,NULL,'198302122015031005','GUSTI YASSER ARAFAT, S.S, M.A','Lektor Mata',NULL,'l','1'),
(707,NULL,'197808042009121003','MUHAYAT, M.IT.','Lektor Mata',NULL,'l','1'),
(708,NULL,'198701252015032003','DEVI NOVIYANTI, M.M','Lektor Mata',NULL,'p','1'),
(709,NULL,'198012052015032002','JUMI HERLITA, M.Sc','Lektor Mata',NULL,'p','1'),
(710,NULL,'198904212019031019','MUNSYI M.T','Lektor Mata',NULL,'l','1'),
(711,NULL,'198403012019031009','ANWAR FUADI M.A.','Assisten Ahli',NULL,'l','1'),
(712,NULL,'199207162019032029','NAJLA AMALY M.Med.Kom','Assisten Ahli',NULL,'p','1'),
(713,NULL,'198705172020122006','RISQIATUL HASANAH, M.Sos','Asisten Ahli',NULL,'p','1'),
(714,NULL,'198604082020122010','RAHMI YUNINGSIH PUTERI, M.M','Asisten Ahli',NULL,'p','1'),
(715,NULL,'198904182022031001','WILLY RAMADAN S.Pd., M.S.I','Asisten Ahli',NULL,'l','1'),
(716,NULL,'198808142020122004','ERMALIANTI, M.Pd.','Asisten Ahli',NULL,'p','1'),
(717,NULL,'196806281994032005','NAZULA ELVA RAHMA, SE.M.M','Kepala Bagian',NULL,'p','1'),
(718,NULL,'197306211994021002','AKHMAD FAROUK, S.Sos., M.AP.','Analis Pengelolaan',NULL,'l','1'),
(719,NULL,'196803021993032003','Dra. Hj NORSILAN','Pengembang Teknologi',NULL,'p','1'),
(720,NULL,'197605182007012024','RABI\'ATUL ADAWIYAH S.Ag, M.A','Penyusun Administrasi',NULL,'p','1'),
(721,NULL,'197504012002121001','MUHAMMAD FUAD SYAUQI S.Kom., M. Kom.','Pranata Komputer',NULL,'l','1'),
(722,NULL,'198610282023212040','RAIDA HASANAH S.Pd.I','Arsiparis Ahli',NULL,'p','1'),
(723,NULL,'196304171991021001','Dr. H. SUKARNI, M.Ag.','Lektor Kepala',NULL,'l','1'),
(724,NULL,'197710312002121002','Dr. H. ZAKI MUBARAK, SE., M.Si.','Lektor Mata',NULL,'l','1'),
(725,NULL,'197408171998031005','Dr. MUHAIMIN, S.Ag., MA','Lektor Kepala',NULL,'l','1'),
(726,NULL,'197809172011012002','Dr. ZULPA MAKIAH, M.Ag','Lektor Mata',NULL,'p','1'),
(727,NULL,'196703041993031001','DRS. FAJAR SIDIQ','Kepala Bagian',NULL,'l','1'),
(728,NULL,'197105091997032002','Hj. BULKISNAWATI, S.Ag., M.Pd.I.','Analis Kepegawaian',NULL,'p','1'),
(729,NULL,'197701182007011011','H. HASBIANSYAH, S.Ag','Analis Pelaksanaan',NULL,'l','1'),
(730,NULL,'198210102009011017','ANDHI IRAWAN, SE, M.M.','Analis Barang',NULL,'l','1'),
(731,NULL,'197104251994021001','ABDUL HADI','Arsiparis Mahir',NULL,'l','1'),
(732,NULL,'198008182009011019','ZULKIFLI','Pemelihara Sarana',NULL,'l','1'),
(733,NULL,'195512231982031001','Prof. Dr. H. AKH. FAUZI ASERI, MA','Guru Besar',NULL,'l','1'),
(734,NULL,'195608141982031005','PROF. DR. H. A. HAFIZ ANSHARY AZ MA.','Guru Besar',NULL,'l','1'),
(735,NULL,'196006091988031003','Prof. Dr. H. FATHURRAHMAN AZHARI, MHI.','Guru Besar',NULL,'l','1'),
(736,NULL,'196106251986032003','Dra. Hj. NOORWAHIDAH, M.Ag.','Lektor Kepala',NULL,'p','1'),
(737,NULL,'196705011994031005','Drs. NISPAN RAHMI. M.Ag.','Lektor Kepala',NULL,'l','1'),
(738,NULL,'196303121986021001','MUHAMMAD SALEH, S.IP, SH, MA','Asisten Ahli',NULL,'l','1'),
(739,NULL,'196612091988031003','Dr. RADIANSYAH, S.Ag., M.Pd.I','Lektor Mata',NULL,'l','1'),
(740,NULL,'196110071988032001','Dra. FARIDAH, M.H.I.','Lektor Kepala',NULL,'p','1'),
(741,NULL,'197307171997031002','H. BADRIAN, S.Ag., M.Ag.','Lektor Kepala',NULL,'l','1'),
(742,NULL,'196705211994032002','Dra NAIMAH, M.H.','Lektor Kepala',NULL,'p','1'),
(743,NULL,'196008201987031004','H. FAHRUDDIN, BA., S.AB., M.E.','Asisten Ahli',NULL,'l','1'),
(744,NULL,'196711191994032009','Dra. FITHRIANA SYARQAWIE M.H.I','Lektor Mata',NULL,'p','1'),
(745,NULL,'197404182002122001','PATI MATU JAHRA, S.Ag, M.SI.','Lektor Mata',NULL,'p','1'),
(746,NULL,'197907242005012014','YULIA HAFIZAH, M.EI','Lektor Mata',NULL,'p','1'),
(747,NULL,'197910272005011004','HARIYANTO, SE. MM','Lektor Mata',NULL,'l','1'),
(748,NULL,'197506092000031003','ANSHARULLAH, S.Ag., M.Fil.I.','Lektor Mata',NULL,'l','1'),
(749,NULL,'198103022009011014','ABDUL GAFUR, Lc., MA.','Lektor Mata',NULL,'l','1'),
(750,NULL,'198109212008011008','LUTPI SAHAL S.H.I, M.S.I','Lektor Mata',NULL,'l','1'),
(751,NULL,'197804272009012010','ROHANA FARIDAH, SE, MM','Lektor Mata',NULL,'p','1'),
(752,NULL,'198305262011012007','ANNISA SAYYID, M.S.I.','Lektor Mata',NULL,'p','1'),
(753,NULL,'198601162011011012','MUHAMMAD RIZALI, M.H','Lektor Mata',NULL,'l','1'),
(754,NULL,'198610202011011014','Dr. ILHAM AKBAR, SH. M.Kn','Lektor Mata',NULL,'l','1'),
(755,NULL,'198503292018012001','DIFI DAHLIANA, M.E.I','Lektor Mata',NULL,'p','1'),
(756,NULL,'198908312018011001','MUHAMMAD NOVAL M.Si','Lektor Mata',NULL,'l','1'),
(757,NULL,'199005232018011002','FAQIH EL WAFA, M.S.I.','Lektor Mata',NULL,'l','1'),
(758,NULL,'198406162019031004','MUHAMMAD HIKAM, MA.Ek','Asisten Ahli',NULL,'l','1'),
(759,NULL,'199101282018011001','MUHAMMAD RIFQI HIDAYAT, M.Sy.','Lektor Mata',NULL,'l','1'),
(760,NULL,'198810132019032014','ATIKA ZAHRA MAULIDA M.S.I.','Lektor Mata',NULL,'p','1'),
(761,NULL,'199310022020122009','ANNISA MAHFUZAH, M.H.','Asisten Ahli',NULL,'p','1'),
(762,NULL,'198710212019032005','RIMAYANTI S.E., M.M.','Lektor Mata',NULL,'p','1'),
(763,NULL,'198903132019031012','MUHAMMAD QAMARUDDIN M.E.','Lektor Mata',NULL,'l','1'),
(764,NULL,'198707242022031001','MUHAMMAD YULIAN MA`MUN Lc., M.M','Asisten Ahli',NULL,'l','1'),
(765,NULL,'199203052022031001','SUPIAN SAURI, S.E.I., M.E','Asisten Ahli',NULL,'l','1'),
(766,NULL,'199004022022032002','NOVITA ALFINURI, B.Sc., M.A','Asisten Ahli',NULL,'p','1'),
(767,NULL,'197909092023211005','Dr. ALI MU\'AMMAR ZAINAL ABIDIN, S.S.I., MA.','Lektor Mata',NULL,'l','1'),
(768,NULL,'198302252023211010','Dr. NURIL KHASYI\'IN Lc., MA.','Lektor Mata',NULL,'l','1'),
(769,NULL,'197105251997031006','Prof. Dr. H. ZULFA JAMALIE, S.Ag., M.Pd.','Guru Besar',NULL,'l','1'),
(770,NULL,'198004032009121005','Dr. M. RUSYDI, S.Fil.I., M. Ag.','Lektor Kepala',NULL,'l','1'),
(771,NULL,'197607012000032001','HANI, S.Ag.','Kepala Subbagian',NULL,'p','1'),
(772,NULL,'197106241996031001','BAMBANG HERY ARYANTO, S.Ag.','Penyusun Rencana',NULL,'l','1'),
(773,NULL,'197508022005012003','RAUDATUL JANNAH, SE','Penyusun Laporan',NULL,'p','1'),
(774,NULL,'195907031984031012','Dr. H. JAMIAT M.Si., M.H.','Lektor Mata',NULL,'l','1'),
(775,NULL,'196104031989031010','Dr. H. MUKHSIN ASERI, M.Ag.','Lektor Kepala',NULL,'l','1'),
(776,NULL,'196607221991051001','Dr. H. ARNADI, M.Pd','Lektor Mata',NULL,'l','1'),
(777,NULL,'196812281998031005','Drs. H. MUJAHIDIN M.Si','Lektor Mata',NULL,'l','1'),
(778,NULL,'197306142005011009','ZAINUDDIN, S.Ag, M.Ag','Lektor Mata',NULL,'l','1'),
(779,NULL,'198011232006041010','OSKAR HUTAGALUH S.Pd., MM.,M.Si','Lektor Mata',NULL,'l','1'),
(780,NULL,'196901122003122004','Dra. ANDI IRLINA, M.Hum','Lektor Mata',NULL,'p','1'),
(781,NULL,'197207222006041006','Dr. RIF\'AN SYAFRUDDIN, Lc.M.Ag','Lektor Mata',NULL,'l','1'),
(782,NULL,'197407232000031001','SUHAR, S.Ag.','Pengadministrasi pada',NULL,'l','1'),
(783,NULL,'196912311991031024','Dr. H. ADNAN NOTA, MA','Kepala Biro',NULL,'l','1'),
(784,NULL,'197307211994022002','Hj. RITA NAHDLIATY, S.Sos. MM','Analis Pengelolaan',NULL,'p','1'),
(785,NULL,'198012172005012008','ISTIYANITA RACHMAN, SE., M.M.','Analis Kepegawaian',NULL,'p','1'),
(786,NULL,'197412152006041021','YUHDI, S.Ag., M.M.','Analis Kepegawaian',NULL,'l','1'),
(787,NULL,'197409012003122004','YUSRINA HIDAYATI, S.Ag','Asesor SDM',NULL,'p','1'),
(788,NULL,'198003292008011005','M. IMBRAN RUSADI, ST','Perencana Ahli',NULL,'l','1'),
(789,NULL,'198206162009012012','HAMIDAH, SE., M.Ak.','Bendahara pada',NULL,'p','1'),
(790,NULL,'198010072009012009','SRI BARLIANI WATI, SE, M.M.','Penyusun Laporan',NULL,'p','1'),
(791,NULL,'198402292009012007','MUFIDATUN NISA, S.Th.I., M.Fil.I','Analis Kepegawaian',NULL,'p','1'),
(792,NULL,'198304262009122004','SITI ELFA FAKHRIYAH, S.Th.I','Analis Kepegawaian',NULL,'p','1'),
(793,NULL,'197810122003121003','HASBULLAH, S.Th.I., M.A.P','Analis Pengembangan',NULL,'l','1'),
(794,NULL,'197806022003121001','FAHRUZAINI, S.Sos.I., M.A.P','Penyusun Laporan',NULL,'l','1'),
(795,NULL,'197903222005012005','SITI FATIMAH ZAHRA, A.Md','Pranata Keuangan',NULL,'p','1'),
(796,NULL,'197004081991031005','SALAPUDDIN','Analis Penerimaan',NULL,'l','1'),
(797,NULL,'198111142009101001','RINONOVIYANTO, S.AP','Penyusun Program',NULL,'l','1'),
(798,NULL,'199603192022032001','BAITI RAHMI, S.Kom','Pranata Komputer',NULL,'p','1'),
(799,NULL,'199511302022031002','MUHAMMAD LUTFI AFKARI, S.Ak.','Penyusun Laporan',NULL,'l','1'),
(800,NULL,'197905042014111005','RAMAJI, A.Ma., S.AP.','Pengadministrasi Keuangan',NULL,'l','1'),
(801,NULL,'197011101997031002','MASRI, S.Ag., M.Pd.','Kepala Bagian',NULL,'l','1'),
(802,NULL,'198010292000031001','H. RISWAN, M.AP','Pengelola Pengadaan',NULL,'l','1'),
(803,NULL,'198509102011011007','SYAIPUL FADILAH, S.Th.I., M.AP.','Pengelola Pengadaan',NULL,'l','1'),
(804,NULL,'197105111991031001','MUHAMMAD RUSDI, S.Pd.','Penyusun Rencana',NULL,'l','1'),
(805,NULL,'198111282009102001','MUNISAH, S.H.I., MHI.','Kepala Subbagian',NULL,'p','1'),
(806,NULL,'197607032006041003','NASRULLAH, S.AP.','Arsiparis Terampil',NULL,'l','1'),
(807,NULL,'197406282009011004','ABDUL FARID, S.Sos','Kepala Subbagian',NULL,'l','1'),
(808,NULL,'197912222009011009','AHMAD TAUFIK MUBARAK, S.AP.','Analis Barang',NULL,'l','1'),
(809,NULL,'197608212005011004','FARIZ HAJRI, S.AP.','Analis Pengembangan',NULL,'l','1'),
(810,NULL,'197503012007011020','MAWARDI','Pramu Bakti',NULL,'l','1'),
(811,NULL,'196401151993031002','Drs. H. RIJALUL FAQIH, M.Si., M.E.I','Kepala Biro',NULL,'l','1'),
(812,NULL,'197601041997032002','Hj. FATIMAH, S.Sos., M.Pd.I.','Pengembang Teknologi',NULL,'p','1'),
(813,NULL,'197602052001121003','AHMAD RIFA\'I, S.Ag., MHI.','Pengembang Teknologi',NULL,'l','1'),
(814,NULL,'198501012011011013','SALAMAT, S.Pd.I., M.Pd.','Analis Tata',NULL,'l','1'),
(815,NULL,'198305052009011010','ABDI RIFAN HUSNA, ST','Pranata Komputer',NULL,'l','1'),
(816,NULL,'197009272006041008','HADI RUSTAMI','Pengadministrasi Data',NULL,'l','1'),
(817,NULL,'197601182000031001','H. HARIS FADILAH, S.Ag., M.Pd.I.','Kepala Bagian',NULL,'l','1'),
(818,NULL,'198611272011012016','NURRIZKY NOVITA WARDHANI, S.Kom., M.I.Kom.','Analis Data',NULL,'p','1'),
(819,NULL,'198107162009101002','RAKHMAD RIZKIANSYAH, S.Pd.I., S.AP., M.Pd., MA','Analis Mutu',NULL,'l','1'),
(820,NULL,'197504272000121001','ABU BAKAR, S.Ag., M.HI','Arsiparis Ahli',NULL,'l','1'),
(821,NULL,'198307072011012012','SRI ANITA, SE., M.M.','Pranata Keuangan',NULL,'p','1'),
(822,NULL,'199109192023212047','MAULIDA REZKIA, S.Pd.','Pengembang Teknologi',NULL,'p','1'),
(823,NULL,'197002062000031002','Prof. Dr. SYAUGI, S.Ag., M.A.','Guru Besar',NULL,'l','1'),
(824,NULL,'198312262011012008','Dr. RIDHA DARMAWATY, M.Pd','Lektor Mata',NULL,'p','1'),
(825,NULL,'197008022005011007','Dr. MUHDI, M.Ag','Lektor Kepala',NULL,'l','1'),
(826,NULL,'197711272003122001','Hj. NANI HIZRIANI, S.Pd., MA.','Lektor Mata',NULL,'p','1'),
(827,NULL,'198808182015031006','Dr. MAKHERUS SHOLEH, M.Pd.I','Lektor Mata',NULL,'l','1'),
(828,NULL,'199210232018012001','IRMA RAHMAWATI, M.Pd.','Lektor Mata',NULL,'p','1'),
(829,NULL,'197904102005011010','H. HARIS FAULIDI ASNAWI, Lc, M.SI','Lektor Mata',NULL,'l','1'),
(830,NULL,'198209252015031004','IMADDUDDIN, M.A','Lektor Mata',NULL,'l','1'),
(831,NULL,'197710072005011007','Dr. MUHAMMAD ZAINAL ABIDIN, M.Ag','Lektor Kepala',NULL,'l','1'),
(832,NULL,'197305182000031001','ALI AKBAR, S.Ag., M.Pd.I','Pranata Humas',NULL,'l','1'),
(833,NULL,'197707042009121003','REZA FANANY, S.T.','Penata Laporan',NULL,'l','1'),
(834,NULL,'197003021990032003','HJ. ISNANIAH','Pengadministrasi Keuangan',NULL,'p','1'),
(835,NULL,'199201282022031001','MUHAMMAD ROBI DINNOOR S.Kom','Pranata Komputer',NULL,'l','1'),
(836,NULL,'196712271994031005','Drs. EMRONI, M.Ag.','Lektor Kepala',NULL,'l','1'),
(837,NULL,'196802191993031004','Drs. AHMAD RIJALI, M.Pd.','Lektor Mata',NULL,'l','1'),
(838,NULL,'197408201999032001','SITI MUFLICHAH, S.Ag.,M.Ag.,M.Ed., Ph.D.','Lektor Mata',NULL,'p','1'),
(839,NULL,'196912051999031001','SYAIPUL HADI, S.I.P., M.A.','Lektor Mata',NULL,'l','1'),
(840,NULL,'198205112011011007','AHMAD MUHAJIR, MA., Ph.D.','Lektor Mata',NULL,'l','1'),
(841,NULL,'198702012019031005','Dr. ADI ANSARI M.Pd.I','Lektor Mata',NULL,'l','1'),
(842,NULL,'197504072005011008','Dr. NURYADIN, M.Ag','Lektor Mata',NULL,'l','1'),
(843,NULL,'197109171998032002','Dr. Hj. NORLAILA, M.Ag, M.Pd','Lektor Kepala',NULL,'p','1'),
(844,NULL,'197601122002121003','Dr. AHMAD SYAWQI, S.Ag.,S.IPI.,M.Pd.I.','Pustakawan Ahli',NULL,'l','1'),
(845,NULL,'196906102001122001','Dra. HAMSINAH, M.Pd.I.','Pustakawan Ahli',NULL,'p','1'),
(846,NULL,'197703022003122002','NOR HASANAH S.Ag., M.I.Kom.','Pustakawan Ahli',NULL,'p','1'),
(847,NULL,'197003072003122004','Hj. NIDAWATI S.Ag., M.Ag.','Pustakawan Ahli',NULL,'p','1'),
(848,NULL,'197905052000031001','M. HILMI ZAIM, S.Sos','Pustakawan Ahli',NULL,'l','1'),
(849,NULL,'198103242005012009','ASMAWARDAH, S.I.Pust.','Pustakawan Ahli',NULL,'p','1'),
(850,NULL,'197601022003122005','Hj. HABIBAH FITRIAH, S.Ag., MHI.','Pustakawan Ahli',NULL,'p','1'),
(851,NULL,'197108211997031003','Dr. SAIFUDDIN, M.Ag','Lektor Mata',NULL,'l','1'),
(852,NULL,'197304121994022002','SITI HADIJAH S.E','Pustakawan Ahli',NULL,'p','1'),
(853,NULL,'197706262007012022','RAHMAWATI, S.Sos.I','Pustakawan Ahli',NULL,'p','1'),
(854,NULL,'198506272011012012','SRI YUNIARTI FITRIA, S.Pd.I','Pustakawan Ahli',NULL,'p','1'),
(855,NULL,'196901232003122001','YUSNIAH S.Ag., MHI.','Pustakawan Ahli',NULL,'p','1'),
(856,NULL,'198305062005011001','Dr. MOCH. ISRA HAJIRI, S.IPI., M.Hum.','Pustakawan Ahli',NULL,'l','1'),
(857,NULL,'196802221994021001','MUKHYAR','Penyusun Laporan',NULL,'l','1'),
(858,NULL,'199310292019031008','AHMAD HULAIFI S.I.Pust','Pustakawan Ahli',NULL,'l','1'),
(859,NULL,'199108192019032011','AYU FENNY PRIMADANI PRASETYA S.Hum','Pustakawan Ahli',NULL,'p','1'),
(860,NULL,'198504182003122005','ARIYANI PRAMINA, SE.','Pustakawan Ahli',NULL,'p','1'),
(861,NULL,'199211052019031008','AHDIE ANWARY S.IP.','Pustakawan Ahli',NULL,'l','1'),
(862,NULL,'198812272020122005','RAHMINI, S.I.Pust.','Pustakawan Ahli',NULL,'p','1'),
(863,NULL,'199506062020122006','NIDA, S.I.Pust.','Pustakawan Ahli',NULL,'p','1'),
(864,NULL,'199006302023212042','MARIA YUSTIANA S.I.Pust.','Pustakawan Ahli',NULL,'p','1'),
(865,NULL,'197701022001121005','NASRULLAH HAMIDY','Pranata Komputer',NULL,'l','1'),
(866,NULL,'197205152007011044','ABDUL TALIB, A.Md.','Pustakawan Pelaksana',NULL,'l','1'),
(867,NULL,'197405081999031002','RAHMAN HELMI, S.Ag., MSI.','Lektor Mata',NULL,'l','1'),
(868,NULL,'197810252011011004','ERWINSYAH S.Kom., M. Kom.','Pranata Komputer',NULL,'l','1'),
(869,NULL,'199804172020121002','AULIA AKBAR SETYOGOMO, S.Kom.','Pranata Komputer',NULL,'l','1'),
(870,NULL,'199508052020122011','NINA MAULIANA NOOR FAJRIAH, S.Kom.','Pranata Komputer',NULL,'p','1'),
(871,NULL,'199210022020121003','RAHMAD OKTAVIANTO, S.Kom','Pranata Komputer',NULL,'l','1'),
(872,NULL,'198506242019032009','Dr. FATWIAH NOOR M.Pd','Lektor Mata',NULL,'p','1'),
(873,NULL,'197912222014111001','AHMAD ZAKKI MUBARAK, S.Th.I., M.Ag.','Penyusun Laporan',NULL,'l','1'),
(874,NULL,'199207022022031001','FATHURRAHMAN SHOLIHIN, S.Kom','Pranata Komputer',NULL,'l','1'),
(875,NULL,'198408282009012006','ERISSA NILASARI, MP','Lektor Mata',NULL,'p','1'),
(876,NULL,'197510232006041003','DR. HAIRUL HUDAYA, M.Ag','Lektor Mata',NULL,'l','1'),
(877,NULL,'198105142005011009','Dr. TAUFIK HIDAYAT S.Psi.Psikolog.M.Kes','Asisten Ahli',NULL,'l','1');

/*Table structure for table `master_mahasiswa` */

DROP TABLE IF EXISTS `master_mahasiswa`;

CREATE TABLE `master_mahasiswa` (
  `kode_mahasiswa` int(11) NOT NULL AUTO_INCREMENT,
  `nim` varchar(12) DEFAULT NULL,
  `nama` varchar(100) DEFAULT NULL,
  `jenjang` varchar(2) DEFAULT NULL,
  `fakultas` varchar(50) DEFAULT NULL,
  `prodi` varchar(50) DEFAULT NULL,
  `alamat` varchar(100) DEFAULT NULL,
  `notelp` varchar(20) DEFAULT NULL,
  `jk` varchar(1) DEFAULT NULL,
  `email` varchar(50) DEFAULT NULL,
  `status_aktif` varchar(1) DEFAULT NULL,
  PRIMARY KEY (`kode_mahasiswa`)
) ENGINE=InnoDB AUTO_INCREMENT=1236 DEFAULT CHARSET=utf8mb4 COLLATE=utf8mb4_general_ci;

/*Data for the table `master_mahasiswa` */

insert  into `master_mahasiswa`(`kode_mahasiswa`,`nim`,`nama`,`jenjang`,`fakultas`,`prodi`,`alamat`,`notelp`,`jk`,`email`,`status_aktif`) values 
(1,'20101010011','tes','S1','SYARIAH','HUKUM TATA NEGARA','Banjarmasin','089699','P','pp@gmail.com','1'),
(5,'2010101001','TESTING MONI1','S1','TARBIYAH DAN KEGURUAN','ILMU PERPUSTAKAAN DAN INFORMASI ISLAM','jalan cempaka, 03, 01, KOTA BANJAR BARU, KALIMANTAN SELATAN','082100000000','P','testing@yahoo.co.id','1'),
(1225,'200102040165','Salma Razwa','S1','SYARIAH','HUKUM EKONOMI SYARIAH (MUAMALAH)','Jl. Sungai Jingah RT. 2, RW. 1, Kelurahan Sungai Jingah, Kecamatan Banjarmasin Utara, Kota Banjarmas','089512422585','P','salmarazwa28@gmail.com','1'),
(1226,'200101080225','Najemi','S1','TARBIYAH DAN KEGURUAN','PENDIDIKAN ISLAM ANAK USIA DINI','Jl. Patih Rumbih Gang 4 no 113, Kuala Kapuas, Kalimantan Tengah','085248332784','P','najeminjmi@gmail.com','1'),
(1227,'200102030223','Muhammad Andria','S1','SYARIAH','HUKUM TATA NEGARA (SIYASAH)','Jalan Mega Indah. No 4A. RT 007/RW 004. Desa Semayap. kecamatan Pulau Laut Utara. Kabupaten Kotabaru','082122369145','L','mhmmdandria21@gmail.com','1'),
(1228,'190104030170','Sulaiman','S1','DAKWAH DAN ILMU KOMUNIKASI','MANAJEMEN DAKWAH','Jl. Pramuka No. 65 Kel. Pemurus Luar Kec. Banjarmasin Timur Prov. Kalimantan Selatan','088705858125','L','sulaimanhm12@gmail.com','1'),
(1229,'200103020119','Muhaimin Hafizi Syarif','S1','USHULUDDIN DAN HUMANIORA','ILMU AL-QURAN DAN TAFSIR','Jl. pandan Arum 2 no.44 rt.15 kel.belimbing raya kec.murung pudak kab.tabalong prov.kalsel 71571','082218216892','L','muhaiminace3@gmail.com','1'),
(1230,'200103010085','Wafiq Nur Azizah','S1','USHULUDDIN DAN HUMANIORA','STUDI AGAMA AGAMA','Ds. Tirta Jaya Rt.11/02 Kec.Bajuin Kab.Tanah Laut','087771922098','P','nurazizahwafiq821@gmail.com','1'),
(1231,'200103030243','Sahrul Arifin ','S1','USHULUDDIN DAN HUMANIORA','AQIDAH DAN FILSAFAT ISLAM','Jl. Lapangan, RT8/Dusun III, Desa Mekar Sari, Kecamatan Kintap, Kabupaten Tanah Laut ','087835703004','L','syahrularifin70883@gmail.com','1'),
(1232,'190101010330','Annisa Nur Kamilah','S1','TARBIYAH DAN KEGURUAN','PENDIDIKAN AGAMA ISLAM','Jl. A. Yani Desa Tatakan RT 01 RW 01 No.50 Kabupaten Tapin Kecamatan Tapin Selatan Kalimantan Selata','082351709139','P','annisanurkamilah9@gmail.com','1'),
(1233,'200102030239','AGNES GUNAWAN PUTRI MEGA WIJAYA ','S1','SYARIAH','HUKUM TATA NEGARA (SIYASAH)','Jln. Sutoyo S komplek wildan sari 7 no 34 ','087738885473','P','agnesgunawan30@gmail.com','1'),
(1234,'200103020128','Fitri Handayani ','S1','USHULUDDIN DAN HUMANIORA','ILMU AL-QURAN DAN TAFSIR','Jl. Sutoyo. S Komplek Esterang No. 47 RT. 20 RW. 02 Kel. Teluk Dalam, Kec. Banjarmasin Tengah, Provi','083125354528','P','fitriihdyni@gmail.com','1'),
(1235,'190104010126','Akhmad Rizani','S1','DAKWAH DAN ILMU KOMUNIKASI','KOMUNIKASI DAN PENYIARAN ISLAM','Jl. Bangau Putih, No. 14, RT. 006, RW. 001, Komplek Beruntung Jaya, Kel. Pemurus Dalam, Kec. Banjarm','085787046711','L','ajikorawa@gmail.com','1');

/*Table structure for table `master_semester` */

DROP TABLE IF EXISTS `master_semester`;

CREATE TABLE `master_semester` (
  `kode_semester` int(11) NOT NULL AUTO_INCREMENT,
  `semester_akademik` varchar(10) DEFAULT NULL,
  `semester` varchar(7) DEFAULT NULL,
  `tahun_akademik` varchar(10) DEFAULT NULL,
  `status_aktif` varchar(1) DEFAULT NULL,
  PRIMARY KEY (`kode_semester`)
) ENGINE=InnoDB AUTO_INCREMENT=7 DEFAULT CHARSET=utf8mb4 COLLATE=utf8mb4_general_ci;

/*Data for the table `master_semester` */

insert  into `master_semester`(`kode_semester`,`semester_akademik`,`semester`,`tahun_akademik`,`status_aktif`) values 
(1,'20231','Ganjil','2023/2024','1'),
(2,'20232','Genap','2023/2024','0'),
(5,'20241','Ganjil','2024/2025','0'),
(6,'20242','Genap','2024/2025','0');

/*Table structure for table `master_user` */

DROP TABLE IF EXISTS `master_user`;

CREATE TABLE `master_user` (
  `kode_user` int(11) NOT NULL AUTO_INCREMENT,
  `nama` varchar(100) DEFAULT NULL,
  `email` varchar(50) DEFAULT NULL,
  `password` varchar(60) DEFAULT NULL,
  `status_aktif` varchar(1) DEFAULT NULL,
  PRIMARY KEY (`kode_user`)
) ENGINE=InnoDB AUTO_INCREMENT=4 DEFAULT CHARSET=utf8mb4 COLLATE=utf8mb4_general_ci;

/*Data for the table `master_user` */

insert  into `master_user`(`kode_user`,`nama`,`email`,`password`,`status_aktif`) values 
(1,'M. Robi Dinnoor','robidinnoor@uin-antasari.ac.id','$2y$10$lfopBwtjhbGS9jbCSx3ikO7YMEgPo6zTz2SNVoogP0zEGuImDNeim','0'),
(2,'MUHAMMAD ROBI DINNOOR','robidinnoor1992@gmail.com','$2y$10$LVJIem3WbKoCOGnueQ4lDOy/rkmwIe0Kb9mUjzcKC1ImtDIfUmQIG','1'),
(3,'Muhammad Fajar Maulana','briar_bulldog@yahoo.com','$2y$10$LVJIem3WbKoCOGnueQ4lDOy/rkmwIe0Kb9mUjzcKC1ImtDIfUmQIG','1');

/*Table structure for table `tkk_daftar` */

DROP TABLE IF EXISTS `tkk_daftar`;

CREATE TABLE `tkk_daftar` (
  `kode_tkk_daftar` int(11) NOT NULL AUTO_INCREMENT,
  `kode_tkk_tahap` int(11) DEFAULT NULL,
  `kode_mahasiswa` int(11) DEFAULT NULL,
  `kode_dosen` int(11) DEFAULT NULL,
  `tanggal_daftar` datetime DEFAULT NULL,
  `status_lulus` varchar(5) DEFAULT NULL,
  `nilai_n1` float DEFAULT NULL,
  `no_sertifikat` varchar(20) DEFAULT NULL,
  `tanggal_expired` datetime DEFAULT NULL,
  `status_aktif` varchar(1) DEFAULT NULL,
  PRIMARY KEY (`kode_tkk_daftar`)
) ENGINE=InnoDB AUTO_INCREMENT=11 DEFAULT CHARSET=utf8mb4 COLLATE=utf8mb4_general_ci;

/*Data for the table `tkk_daftar` */

insert  into `tkk_daftar`(`kode_tkk_daftar`,`kode_tkk_tahap`,`kode_mahasiswa`,`kode_dosen`,`tanggal_daftar`,`status_lulus`,`nilai_n1`,`no_sertifikat`,`tanggal_expired`,`status_aktif`) values 
(6,1,5,NULL,'2023-12-26 16:02:52','tg',NULL,NULL,NULL,'1'),
(7,1,1225,NULL,'2023-12-26 16:03:52','tg',NULL,NULL,NULL,'1'),
(8,1,1226,NULL,'2023-12-26 16:05:52','tg',NULL,NULL,NULL,'1'),
(9,1,1227,NULL,'2023-12-26 16:08:52','tg',NULL,NULL,NULL,'1'),
(10,1,1228,NULL,'2023-12-26 16:11:52','tg',NULL,NULL,NULL,'1');

/*Table structure for table `tkk_master_tahap` */

DROP TABLE IF EXISTS `tkk_master_tahap`;

CREATE TABLE `tkk_master_tahap` (
  `kode_tkk_tahap` int(11) NOT NULL AUTO_INCREMENT,
  `kode_semester` int(11) DEFAULT NULL,
  `tahap_ke` int(11) DEFAULT NULL,
  `waktu_pembukaan` datetime DEFAULT NULL,
  `waktu_penutupan` datetime DEFAULT NULL,
  `status_aktif` varchar(1) DEFAULT NULL,
  PRIMARY KEY (`kode_tkk_tahap`)
) ENGINE=InnoDB AUTO_INCREMENT=7 DEFAULT CHARSET=utf8mb4 COLLATE=utf8mb4_general_ci;

/*Data for the table `tkk_master_tahap` */

insert  into `tkk_master_tahap`(`kode_tkk_tahap`,`kode_semester`,`tahap_ke`,`waktu_pembukaan`,`waktu_penutupan`,`status_aktif`) values 
(1,1,1,'2023-12-21 00:00:00','2023-12-27 15:02:00','1'),
(2,1,2,'2023-12-17 00:00:00','2023-12-18 23:59:00','0'),
(3,2,1,'2023-12-19 00:00:00','2023-12-20 23:59:00','0'),
(4,2,2,'2023-12-21 00:05:00','2023-12-24 23:59:00','0'),
(6,2,3,'2023-12-25 00:00:00','2023-12-26 23:59:00','0');

/*Table structure for table `view_kkn_master_tahap` */

DROP TABLE IF EXISTS `view_kkn_master_tahap`;

/*!50001 DROP VIEW IF EXISTS `view_kkn_master_tahap` */;
/*!50001 DROP TABLE IF EXISTS `view_kkn_master_tahap` */;

/*!50001 CREATE TABLE  `view_kkn_master_tahap`(
 `kode_kkn_tahap` int(11) ,
 `jenis_kkn` varchar(20) ,
 `tahap_ke` int(11) ,
 `waktu_pembukaan` datetime ,
 `waktu_penutupan` datetime ,
 `status_aktif_tahapan_kkn` varchar(1) ,
 `kode_semester` int(11) ,
 `semester_akademik` varchar(10) ,
 `semester` varchar(7) ,
 `tahun_akademik` varchar(10) ,
 `status_aktif_semester` varchar(1) 
)*/;

/*Table structure for table `view_tkk_daftar` */

DROP TABLE IF EXISTS `view_tkk_daftar`;

/*!50001 DROP VIEW IF EXISTS `view_tkk_daftar` */;
/*!50001 DROP TABLE IF EXISTS `view_tkk_daftar` */;

/*!50001 CREATE TABLE  `view_tkk_daftar`(
 `kode_tkk_daftar` int(11) ,
 `kode_dosen` int(11) ,
 `tanggal_daftar` datetime ,
 `status_lulus` varchar(5) ,
 `nilai_n1` float ,
 `no_sertifikat` varchar(20) ,
 `tanggal_expired` datetime ,
 `status_aktif_tkk_daftar` varchar(1) ,
 `kode_mahasiswa` int(11) ,
 `nim` varchar(12) ,
 `nama` varchar(100) ,
 `email` varchar(50) ,
 `fakultas` varchar(50) ,
 `prodi` varchar(50) ,
 `notelp` varchar(20) ,
 `status_aktif_mahasiswa` varchar(1) ,
 `kode_tkk_tahap` int(11) ,
 `tahap_ke` int(11) ,
 `waktu_pembukaan` datetime ,
 `waktu_penutupan` datetime ,
 `status_aktif_tahapan_tkk` varchar(1) ,
 `kode_semester` int(11) ,
 `semester_akademik` varchar(10) ,
 `semester` varchar(7) ,
 `tahun_akademik` varchar(10) ,
 `status_aktif_semester` varchar(1) 
)*/;

/*Table structure for table `view_tkk_master_tahap` */

DROP TABLE IF EXISTS `view_tkk_master_tahap`;

/*!50001 DROP VIEW IF EXISTS `view_tkk_master_tahap` */;
/*!50001 DROP TABLE IF EXISTS `view_tkk_master_tahap` */;

/*!50001 CREATE TABLE  `view_tkk_master_tahap`(
 `kode_tkk_tahap` int(11) ,
 `tahap_ke` int(11) ,
 `waktu_pembukaan` datetime ,
 `waktu_penutupan` datetime ,
 `status_aktif_tahapan_tkk` varchar(1) ,
 `kode_semester` int(11) ,
 `semester_akademik` varchar(10) ,
 `semester` varchar(7) ,
 `tahun_akademik` varchar(10) ,
 `status_aktif_semester` varchar(1) 
)*/;

/*View structure for view view_kkn_master_tahap */

/*!50001 DROP TABLE IF EXISTS `view_kkn_master_tahap` */;
/*!50001 DROP VIEW IF EXISTS `view_kkn_master_tahap` */;

/*!50001 CREATE ALGORITHM=UNDEFINED DEFINER=`root`@`localhost` SQL SECURITY DEFINER VIEW `view_kkn_master_tahap` AS select `kkn_master_tahap`.`kode_kkn_tahap` AS `kode_kkn_tahap`,`kkn_master_tahap`.`jenis_kkn` AS `jenis_kkn`,`kkn_master_tahap`.`tahap_ke` AS `tahap_ke`,`kkn_master_tahap`.`waktu_pembukaan` AS `waktu_pembukaan`,`kkn_master_tahap`.`waktu_penutupan` AS `waktu_penutupan`,`kkn_master_tahap`.`status_aktif` AS `status_aktif_tahapan_kkn`,`master_semester`.`kode_semester` AS `kode_semester`,`master_semester`.`semester_akademik` AS `semester_akademik`,`master_semester`.`semester` AS `semester`,`master_semester`.`tahun_akademik` AS `tahun_akademik`,`master_semester`.`status_aktif` AS `status_aktif_semester` from (`master_semester` join `kkn_master_tahap` on(`master_semester`.`kode_semester` = `kkn_master_tahap`.`kode_semester`)) */;

/*View structure for view view_tkk_daftar */

/*!50001 DROP TABLE IF EXISTS `view_tkk_daftar` */;
/*!50001 DROP VIEW IF EXISTS `view_tkk_daftar` */;

/*!50001 CREATE ALGORITHM=UNDEFINED DEFINER=`root`@`localhost` SQL SECURITY DEFINER VIEW `view_tkk_daftar` AS select `tkk_daftar`.`kode_tkk_daftar` AS `kode_tkk_daftar`,`tkk_daftar`.`kode_dosen` AS `kode_dosen`,`tkk_daftar`.`tanggal_daftar` AS `tanggal_daftar`,`tkk_daftar`.`status_lulus` AS `status_lulus`,`tkk_daftar`.`nilai_n1` AS `nilai_n1`,`tkk_daftar`.`no_sertifikat` AS `no_sertifikat`,`tkk_daftar`.`tanggal_expired` AS `tanggal_expired`,`tkk_daftar`.`status_aktif` AS `status_aktif_tkk_daftar`,`master_mahasiswa`.`kode_mahasiswa` AS `kode_mahasiswa`,`master_mahasiswa`.`nim` AS `nim`,`master_mahasiswa`.`nama` AS `nama`,`master_mahasiswa`.`email` AS `email`,`master_mahasiswa`.`fakultas` AS `fakultas`,`master_mahasiswa`.`prodi` AS `prodi`,`master_mahasiswa`.`notelp` AS `notelp`,`master_mahasiswa`.`status_aktif` AS `status_aktif_mahasiswa`,`view_tkk_master_tahap`.`kode_tkk_tahap` AS `kode_tkk_tahap`,`view_tkk_master_tahap`.`tahap_ke` AS `tahap_ke`,`view_tkk_master_tahap`.`waktu_pembukaan` AS `waktu_pembukaan`,`view_tkk_master_tahap`.`waktu_penutupan` AS `waktu_penutupan`,`view_tkk_master_tahap`.`status_aktif_tahapan_tkk` AS `status_aktif_tahapan_tkk`,`view_tkk_master_tahap`.`kode_semester` AS `kode_semester`,`view_tkk_master_tahap`.`semester_akademik` AS `semester_akademik`,`view_tkk_master_tahap`.`semester` AS `semester`,`view_tkk_master_tahap`.`tahun_akademik` AS `tahun_akademik`,`view_tkk_master_tahap`.`status_aktif_semester` AS `status_aktif_semester` from ((`master_mahasiswa` join `tkk_daftar` on(`master_mahasiswa`.`kode_mahasiswa` = `tkk_daftar`.`kode_mahasiswa`)) join `view_tkk_master_tahap` on(`view_tkk_master_tahap`.`kode_tkk_tahap` = `tkk_daftar`.`kode_tkk_tahap`)) */;

/*View structure for view view_tkk_master_tahap */

/*!50001 DROP TABLE IF EXISTS `view_tkk_master_tahap` */;
/*!50001 DROP VIEW IF EXISTS `view_tkk_master_tahap` */;

/*!50001 CREATE ALGORITHM=UNDEFINED DEFINER=`root`@`localhost` SQL SECURITY DEFINER VIEW `view_tkk_master_tahap` AS select `tkk_master_tahap`.`kode_tkk_tahap` AS `kode_tkk_tahap`,`tkk_master_tahap`.`tahap_ke` AS `tahap_ke`,`tkk_master_tahap`.`waktu_pembukaan` AS `waktu_pembukaan`,`tkk_master_tahap`.`waktu_penutupan` AS `waktu_penutupan`,`tkk_master_tahap`.`status_aktif` AS `status_aktif_tahapan_tkk`,`master_semester`.`kode_semester` AS `kode_semester`,`master_semester`.`semester_akademik` AS `semester_akademik`,`master_semester`.`semester` AS `semester`,`master_semester`.`tahun_akademik` AS `tahun_akademik`,`master_semester`.`status_aktif` AS `status_aktif_semester` from (`master_semester` join `tkk_master_tahap` on(`master_semester`.`kode_semester` = `tkk_master_tahap`.`kode_semester`)) */;

/*!40101 SET SQL_MODE=@OLD_SQL_MODE */;
/*!40014 SET FOREIGN_KEY_CHECKS=@OLD_FOREIGN_KEY_CHECKS */;
/*!40014 SET UNIQUE_CHECKS=@OLD_UNIQUE_CHECKS */;
/*!40111 SET SQL_NOTES=@OLD_SQL_NOTES */;
